<?xml version="1.1"?>
<appian-component-plugin name="Microsoft PowerBI" key="com.appian.ps.microsoft.powerbi.cp">
  <plugin-info>
    <description>Provides dashboard, tile, and report components from PowerBI.</description>
    <vendor name="Appian" url="https://www.appian.com"/>
    <version>1.3.6</version>
    <support supported="false"/>
  </plugin-info>
  <component rule-name="reportField" version="1.3.6">
    <sdk-version>2.0.0</sdk-version>
    <icon-file>power-bi.svg</icon-file>
    <html-entry-point>report.html</html-entry-point>
    <parameter>
      <name>powerBIConnectedSystem</name>
      <category>input-only</category>
      <type>ConnectedSystem</type>
    </parameter>
    <parameter>
      <name>isAppDataConnectedSystem</name>
      <category>input-only</category>
      <type>Boolean</type>
    </parameter>
    <parameter>
      <name>groupId</name>
      <category>input-only</category>
      <type>Text</type>
    </parameter>
    <parameter>
      <name>reportId</name>
      <category>input-only</category>
      <type>Text</type>
    </parameter>
    <parameter>
      <name>pageName</name>
      <category>input-only</category>
      <type>Text</type>
    </parameter>
    <parameter>
      <name>showFilters</name>
      <category>input-only</category>
      <type>Boolean</type>
    </parameter>
    <parameter>
      <name>showPageNavigation</name>
      <category>input-only</category>
      <type>Boolean</type>
    </parameter>
    <parameter>
      <name>defaultFilters</name>
      <category>input-only</category>
      <type>Dictionary?list</type>
    </parameter>
    <parameter>
      <name>onError</name>
      <category>event</category>
    </parameter>
    <parameter>
      <name>onDataSelected</name>
      <category>event</category>
    </parameter>
    <parameter>
      <name>onPageChanged</name>
      <category>event</category>
    </parameter>
    <supported-user-agents>chrome firefox ie11 edge safari mobile</supported-user-agents>
  </component>
  <component rule-name="reportVisualField" version="1.3.6">
    <sdk-version>2.0.0</sdk-version>
    <icon-file>power-bi.svg</icon-file>
    <html-entry-point>reportVisual.html</html-entry-point>
    <parameter>
      <name>powerBIConnectedSystem</name>
      <category>input-only</category>
      <type>ConnectedSystem</type>
    </parameter>
    <parameter>
      <name>isAppDataConnectedSystem</name>
      <category>input-only</category>
      <type>Boolean</type>
    </parameter>
    <parameter>
      <name>groupId</name>
      <category>input-only</category>
      <type>Text</type>
    </parameter>
    <parameter>
      <name>reportId</name>
      <category>input-only</category>
      <type>Text</type>
    </parameter>
    <parameter>
      <name>pageName</name>
      <category>input-only</category>
      <type>Text</type>
    </parameter>
    <parameter>
      <name>visualName</name>
      <category>input-only</category>
      <type>Text</type>
    </parameter>
    <parameter>
      <name>defaultFilters</name>
      <category>input-only</category>
      <type>Dictionary?list</type>
    </parameter>
    <parameter>
      <name>onError</name>
      <category>event</category>
    </parameter>
    <parameter>
      <name>onVisualClicked</name>
      <category>event</category>
    </parameter>
    <supported-user-agents>chrome firefox ie11 edge safari mobile</supported-user-agents>
  </component>
  <component rule-name="createReportField" version="1.3.6">
    <sdk-version>2.0.0</sdk-version>
    <icon-file>power-bi.svg</icon-file>
    <html-entry-point>createReport.html</html-entry-point>
    <parameter>
      <name>powerBIConnectedSystem</name>
      <category>input-only</category>
      <type>ConnectedSystem</type>
    </parameter>
    <parameter>
      <name>isAppDataConnectedSystem</name>
      <category>input-only</category>
      <type>Boolean</type>
    </parameter>
    <parameter>
      <name>groupId</name>
      <category>input-only</category>
      <type>Text</type>
    </parameter>
    <parameter>
      <name>datasetId</name>
      <category>input-only</category>
      <type>Text</type>
    </parameter>
    <parameter>
      <name>onSave</name>
      <category>event</category>
    </parameter>
    <parameter>
      <name>onError</name>
      <category>event</category>
    </parameter>
    <supported-user-agents>chrome firefox ie11 edge safari mobile</supported-user-agents>
  </component>
  <component rule-name="dashboardField" version="1.3.6">
    <sdk-version>2.0.0</sdk-version>
    <icon-file>power-bi.svg</icon-file>
    <html-entry-point>dashboard.html</html-entry-point>
    <parameter>
      <name>powerBIConnectedSystem</name>
      <category>input-only</category>
      <type>ConnectedSystem</type>
    </parameter>
    <parameter>
      <name>isAppDataConnectedSystem</name>
      <category>input-only</category>
      <type>Boolean</type>
    </parameter>
    <parameter>
      <name>groupId</name>
      <category>input-only</category>
      <type>Text</type>
    </parameter>
    <parameter>
      <name>dashboardId</name>
      <category>input-only</category>
      <type>Text</type>
    </parameter>
    <parameter>
      <name>onError</name>
      <category>event</category>
    </parameter>
    <parameter>
      <name>onTileClicked</name>
      <category>event</category>
    </parameter>
    <supported-user-agents>chrome firefox ie11 edge safari mobile</supported-user-agents>
  </component>
  <component rule-name="tileField" version="1.3.6">
    <sdk-version>2.0.0</sdk-version>
    <icon-file>power-bi.svg</icon-file>
    <html-entry-point>tile.html</html-entry-point>
    <parameter>
      <name>powerBIConnectedSystem</name>
      <category>input-only</category>
      <type>ConnectedSystem</type>
    </parameter>
    <parameter>
      <name>isAppDataConnectedSystem</name>
      <category>input-only</category>
      <type>Boolean</type>
    </parameter>
    <parameter>
      <name>groupId</name>
      <category>input-only</category>
      <type>Text</type>
    </parameter>
    <parameter>
      <name>dashboardId</name>
      <category>input-only</category>
      <type>Text</type>
    </parameter>
    <parameter>
      <name>tileId</name>
      <category>input-only</category>
      <type>Text</type>
    </parameter>
    <parameter>
      <name>onError</name>
      <category>event</category>
    </parameter>
    <parameter>
      <name>onTileClicked</name>
      <category>event</category>
    </parameter>
    <supported-user-agents>chrome firefox ie11 edge safari mobile</supported-user-agents>
  </component>
  <component rule-name="qnaField" version="1.3.6">
    <sdk-version>2.0.0</sdk-version>
    <icon-file>power-bi.svg</icon-file>
    <html-entry-point>qna.html</html-entry-point>
    <parameter>
      <name>powerBIConnectedSystem</name>
      <category>input-only</category>
      <type>ConnectedSystem</type>
    </parameter>
    <parameter>
      <name>isAppDataConnectedSystem</name>
      <category>input-only</category>
      <type>Boolean</type>
    </parameter>
    <parameter>
      <name>groupId</name>
      <category>input-only</category>
      <type>Text</type>
    </parameter>
    <parameter>
      <name>datasetId</name>
      <category>input-only</category>
      <type>Text</type>
    </parameter>
    <parameter>
      <name>onError</name>
      <category>event</category>
    </parameter>
    <supported-user-agents>chrome firefox ie11 edge safari mobile</supported-user-agents>
  </component>
    <component rule-name="paginatedReportField" version="1.3.6">
    <sdk-version>2.0.0</sdk-version>
    <icon-file>power-bi.svg</icon-file>
    <html-entry-point>paginatedReport.html</html-entry-point>
    <parameter>
      <name>powerBIConnectedSystem</name>
      <category>input-only</category>
      <type>ConnectedSystem</type>
    </parameter>
    <parameter>
      <name>groupId</name>
      <category>input-only</category>
      <type>Text</type>
    </parameter>
    <parameter>
      <name>reportId</name>
      <category>input-only</category>
      <type>Text</type>
    </parameter>
    <parameter>
      <name>datasetIds</name>
      <category>input-only</category>
      <type>Text?list</type>
    </parameter>    
    <parameter>
      <name>customEmbed</name>
      <category>input-only</category>
      <type>Dictionary</type>
    </parameter>
    <parameter>
      <name>pageName</name>
      <category>input-only</category>
      <type>Text</type>
    </parameter>
    <parameter>
      <name>showFilters</name>
      <category>input-only</category>
      <type>Boolean</type>
    </parameter>
    <parameter>
      <name>showPageNavigation</name>
      <category>input-only</category>
      <type>Boolean</type>
    </parameter>
    <parameter>
      <name>defaultFilters</name>
      <category>input-only</category>
      <type>Dictionary?list</type>
    </parameter>
    <parameter>
      <name>onError</name>
      <category>event</category>
    </parameter>
    <parameter>
      <name>onDataSelected</name>
      <category>event</category>
    </parameter>
    <parameter>
      <name>onPageChanged</name>
      <category>event</category>
    </parameter>
    <supported-user-agents>chrome firefox ie11 edge safari mobile</supported-user-agents>
  </component>
</appian-component-plugin>